block,node,demand_mw,solar_mw,wind_mw
00-06,VSKP,189.1,0.0,2.7
00-06,VZM,94.5,0.0,0.0
00-06,VJA,157.6,0.0,2.7
00-06,KNL,94.5,0.0,29.9
00-06,TPT,94.5,0.0,19.0
06-12,VSKP,274.0,12.7,2.1
06-12,VZM,137.0,12.7,0.0
06-12,VJA,228.3,25.4,2.1
06-12,KNL,137.0,44.5,23.2
06-12,TPT,137.0,31.8,14.7
12-18,VSKP,255.7,16.0,2.3
12-18,VZM,127.8,16.0,0.0
12-18,VJA,213.1,31.9,2.3
12-18,KNL,127.8,55.9,25.1
12-18,TPT,127.8,39.9,16.0
18-24,VSKP,198.2,0.0,3.0
18-24,VZM,99.1,0.0,0.0
18-24,VJA,165.1,0.0,3.0
18-24,KNL,99.1,0.0,32.8
18-24,TPT,99.1,0.0,20.9
